channel,gross_sales_mln,per
Retailer,1219081639.9472,73.23398284
Direct,257532002.6536,15.47073932
Distributor,188025630.9348,11.29527784
